Topic_ID,Keywords,Top_Words
0,"deletion, , , , , , , ","['deletion', '', '', '', '', '', '', '']"
1,"from, vinge, edu, _the, cs, of, computer, vernor","['from', 'vinge', 'edu', '_the', 'cs', 'of', 'computer', 'vernor']"
2,"the, to, is, of, it, that, in, you","['the', 'to', 'is', 'of', 'it', 'that', 'in', 'you']"
3,"the, of, and, space, in, to, larson, theory","['the', 'of', 'and', 'space', 'in', 'to', 'larson', 'theory']"
4,"the, to, of, is, and, that, it, in","['the', 'to', 'of', 'is', 'and', 'that', 'it', 'in']"
